ssn,passport_number,dob_full,dob_year_month,monthly_budget,internal_memo,project_plan,job_title,press_release
170-46-8705,G89536737,1992-05-20,2003-01,$7330,These hear lay try pretty type seem too.,Discover imagine crime either young share space.,Landscape architect,Word garden everybody establish realize type season because record your staff material against.
199-19-9398,J49193752,1981-07-31,1939-12,$8035,Full general accept woman first.,Traditional little raise answer hour phone rock.,Human resources officer,Yeah small local indicate because oil majority surface couple.
418-20-5790,L43158307,2017-05-07,1931-05,$1499,Present hotel task assume share.,Watch floor evidence son.,Merchant navy officer,Wish this feeling onto enough heavy per.
559-44-6878,F15025813,1936-11-08,1968-11,$8129,Everybody address machine foot.,Couple glass wait key improve good.,Psychiatric nurse,Much answer weight explain fly prevent yourself trip visit.
260-67-2860,713133498,2017-06-02,1953-09,$7299,You where energy bag music.,Voice star address body space compare sign.,"Research officer, government",Bit more stop question strategy describe yes recent government choose may.
255-85-0872,401890962,1949-10-20,1971-10,$3876,One drug reveal day country keep take.,Technology something day degree create hair.,Medical secretary,Issue western suffer bar space member.
430-10-4511,D44999510,2007-11-21,2000-10,$5445,Make laugh professor tell.,Space always value bank.,Chiropractor,Professor career positive pattern really town six film show himself three.
295-68-1840,330094307,2003-05-31,1996-01,$6322,Happy door chance movie public security.,Level nice picture again thus theory at.,"Scientist, research (medical)",Heavy bring consider seat want notice president statement brother sport success hear technology.
551-93-3791,C88502852,1945-01-29,1950-08,$8111,Game particularly protect section another.,Will our let.,Human resources officer,Man apply center easy picture risk this.
454-53-7289,N04114128,2000-11-27,2018-09,$6601,Name reality debate likely social building experience however.,Five adult herself research.,Company secretary,Hear guess increase economy father authority mean citizen challenge.
121-27-0322,429299676,1921-09-03,1952-09,$1810,Doctor upon over this.,Government rock its.,"Production assistant, television",Accept body down happen face approach accept common heavy.
658-26-7059,794615570,1984-02-17,1961-12,$6545,Seven do admit.,Baby have when wait person under enough.,Soil scientist,Talk wrong under way hour something hit difficult product scientist hit financial.
178-32-7651,342676320,1931-07-07,1976-06,$3937,Agreement list itself hold consumer care keep.,Strong wrong son drive hotel table look grow.,General practice doctor,Able lawyer lawyer that admit get story young.
415-85-2103,606654436,1955-03-18,1994-07,$5834,Trade student prevent.,Product spring center benefit recognize both.,"Embryologist, clinical",Drug growth wait still opportunity industry product answer these change experience.
012-29-9739,J49885231,2016-07-23,2008-06,$9872,Particularly win far method yeah represent kid.,Look edge arrive situation third.,Sports development officer,No into describe certainly remain our.
336-64-8108,F89112057,1966-12-16,1999-07,$1024,Think require machine reason than.,Range wind short new start could option.,Camera operator,Machine establish model seat pay act law prevent meet both.
838-49-1538,W32619318,1923-04-10,1919-07,$8468,Dark network rise.,Modern recently fact computer name.,Fisheries officer,Suddenly beat sure concern there receive federal ability.
565-50-5391,Y00967856,2017-06-25,1923-04,$8730,Capital time beautiful civil.,Yeah several land future fly most.,Newspaper journalist,Determine husband unit happen describe student different everybody lay economic.
412-74-5225,273327944,2005-01-15,2014-06,$9291,Development food system various drive soon history.,Dark ahead live someone.,Web designer,Offer leg throw official process really day might.
125-16-4291,381582367,1975-04-26,1946-10,$3437,He morning throw scientist toward admit.,Professor follow realize whom hear.,"Engineer, communications",Position should coach her floor teacher number deep.
438-89-2501,697840654,1939-01-10,1998-04,$4237,Will town environmental or.,Year author option wide indicate.,Retail manager,Alone pull that type believe pretty management blood.
126-06-2172,549075550,2017-04-17,2011-02,$5282,They tell occur.,Partner base too benefit north include treat.,Acupuncturist,Crime whether see bag approach along.
165-44-0380,438846506,1941-09-16,1998-06,$2164,Personal north road challenge.,Goal too month citizen recent guy.,"Designer, ceramics/pottery",Other move himself response kind she kid decide sound quite she always.
303-78-4012,581598752,1989-04-24,1931-08,$8094,Again government scientist sure thus generation.,Hotel technology offer up realize serious special.,"Engineer, maintenance (IT)",Face too film difficult series society their able child point this.
531-94-5563,436545939,1998-12-30,2025-04,$5529,Give show season team.,Green media throughout style guy carry eat.,Heritage manager,Stuff scientist weight so particularly only.
061-50-8891,124060899,1933-04-29,2013-02,$7812,Table audience court catch herself large station.,You happen to hospital.,Clinical molecular geneticist,Month least short improve show from.
698-36-4342,J39375268,2011-02-19,1927-03,$9679,Husband away power these.,Travel new serious research voice knowledge financial.,Occupational hygienist,Whether almost purpose method friend start go network close purpose line man.
013-95-2854,I49722340,1920-10-23,1936-05,$8746,Likely task employee light.,Small white arrive decide.,Physiological scientist,Sit bring term interest reflect article consider.
155-26-2278,701905227,2021-08-13,1975-10,$1619,Send fact measure voice also in what.,Seem doctor determine meet.,Marine scientist,Rest interesting senior despite cold door policy require.
843-13-3353,A76483488,2005-10-29,1926-10,$8133,A weight chance dark decade remain serve show.,Security true best take.,Manufacturing systems engineer,Operation sister now approach large few statement.
882-38-3700,X86648624,2010-03-30,2022-10,$1469,Admit current whose want special become available.,Church our plant toward price.,Mechanical engineer,Security energy why analysis season think system remember.
249-17-0823,084539970,1926-09-23,1959-02,$1947,Woman report receive per stand cup.,Control simple reveal.,"Designer, jewellery",Direction interest analysis add rich produce ready perhaps win.
028-17-9198,D09672805,2004-05-30,1949-08,$3360,One arrive assume push concern enough view.,Very possible where already current.,Engineering geologist,Glass between sound rise stay series make weight.
285-47-6931,N87641109,1939-07-06,1963-01,$6464,No seat worker very some style.,Fly lead little ground final push wind.,Homeopath,Society fear simply white lose dinner dark stay.
782-67-9569,I16644789,1945-04-20,1990-09,$6270,Training two phone rule open contain.,Particular Mr whose drive middle everyone break.,Market researcher,House star responsibility federal medical only respond.
454-33-3796,619939246,2007-01-14,1947-12,$5206,Human history ok put happy protect history second.,Talk very official give decade share.,Health promotion specialist,Son whom her method event at stage or character.
610-99-4585,P58518385,1929-06-15,1931-08,$9583,Guy size hour left.,Parent significant read recently.,Consulting civil engineer,None fast student smile force through television send.
444-62-6423,274455176,1977-02-03,1921-01,$4318,Produce through scientist yard.,Scene student note.,Counselling psychologist,Mouth general similar pass society at new public.
051-46-5492,J16007663,1974-09-07,1934-01,$3307,Office college new speak respond agree.,Difference current partner himself trouble.,Sales promotion account executive,Everyone country catch president because sell.
444-01-7166,L01543504,1974-02-21,1992-07,$8128,Say manage ability step.,Apply effort particularly year within option score.,Broadcast engineer,Use free off until performance sometimes kid become successful.
771-39-9842,E54955647,2005-06-14,2025-10,$1860,Base bank subject throughout old term prove.,Single fill hope need expert.,Fitness centre manager,Local resource structure treat I necessary anyone rise set.
561-88-3106,248228185,1942-10-19,2021-01,$3603,Development spend show it candidate firm.,Notice mother away until.,"Journalist, magazine",Few sea under along different word clearly.
260-09-1076,L06400900,1992-04-01,2016-02,$8452,Difficult offer red between stock our.,Get score clearly address less reduce.,Financial planner,Set power this take home power address including protect at anything quite write.
062-52-8934,N63990584,2003-07-01,1944-01,$8479,Prevent pick few skill this interest that.,Could compare fine save customer lay close.,General practice doctor,Site another address certain young much.
262-60-5509,755136402,2015-03-18,1975-01,$3824,Hot help where camera here foot.,Brother year game certainly company research politics.,Restaurant manager,Goal above easy case two trip difference they writer.
106-60-7593,427626495,1985-08-10,1942-07,$9172,Main sound leave.,A entire forget short development nearly leave style.,Orthoptist,Whom money student matter fight whatever bag sea quite experience dark unit also.
337-62-8810,Q73024520,1953-03-01,2011-02,$5004,Relationship attention watch provide over per red.,My including heart imagine population education push.,Mental health nurse,Executive him process late purpose thank husband my she let campaign.
838-10-5204,Y00135831,1955-07-28,1945-11,$3984,Factor grow leader.,Simply hair training born a.,"Accountant, chartered management",Not while probably not industry sea international as artist big.
117-57-6058,Z64518586,2020-08-12,1923-06,$7354,Gun expect cause leg.,Investment pay already television.,Commissioning editor,Language resource box line room assume really mother beautiful treatment radio six.
414-76-6548,B88490663,1914-02-07,2013-08,$8755,Hospital town kitchen message perhaps coach.,Field term itself control oil.,Minerals surveyor,Goal hear place reduce price you college boy less.
